{
  "success":true,
  "terms":"https:\/\/currencylayer.com\/terms",
  "privacy":"https:\/\/currencylayer.com\/privacy",
  "timestamp":1617675193,
  "source":"USD",
  "quotes":{
    "USDAED":3.673198,
    "USDAFN":77.787747,
    "USDALL":104.112001,
    "USDAMD":533.839743,
    "USDANG":1.783278,
    "USDAOA":629.980039,
    "USDARS":91.396317,
    "USDAUD":1.307788,
    "USDAWG":1.8,
    "USDAZN":1.698124,
    "USDBAM":1.655491,
    "USDBBD":2.005891,
    "USDBDT":84.240152,
    "USDBGN":1.663571,
    "USDBHD":0.374549,
    "USDBIF":1934.629514,
    "USDBMD":1,
    "USDBND":1.337712,
    "USDBOB":6.869784,
    "USDBRL":5.664899,
    "USDBSD":0.993465,
    "USDBTC":1.7038364e-5,
    "USDBTN":72.9677,
    "USDBWP":10.95326,
    "USDBYN":2.620649,
    "USDBYR":19600,
    "USDBZD":2.002497,
    "USDCAD":1.252745,
    "USDCDF":1997.999833,
    "USDCHF":0.93731,
    "USDCLF":0.026148,
    "USDCLP":721.481055,
    "USDCNY":6.5573,
    "USDCOP":3674,
    "USDCRC":609.867786,
    "USDCUC":1,
    "USDCUP":26.5,
    "USDCVE":93.3326,
    "USDCZK":22.006098,
    "USDDJF":176.863436,
    "USDDKK":6.298397,
    "USDDOP":56.428704,
    "USDDZD":132.719101,
    "USDEGP":15.625102,
    "USDERN":14.99945,
    "USDETB":41.27533,
    "USDEUR":0.846705,
    "USDFJD":2.06365,
    "USDFKP":0.719431,
    "USDGBP":0.719455,
    "USDGEL":3.424967,
    "USDGGP":0.719431,
    "USDGHS":5.737248,
    "USDGIP":0.719431,
    "USDGMD":51.250235,
    "USDGNF":9943.542517,
    "USDGTQ":7.662051,
    "USDGYD":207.843104,
    "USDHKD":7.776351,
    "USDHNL":23.890742,
    "USDHRK":6.437502,
    "USDHTG":79.476393,
    "USDHUF":305.010995,
    "USDIDR":14495.95,
    "USDILS":3.31025,
    "USDIMP":0.719431,
    "USDINR":73.28105,
    "USDIQD":1449.444527,
    "USDIRR":42105.000161,
    "USDISK":125.899662,
    "USDJEP":0.719431,
    "USDJMD":147.031538,
    "USDJOD":0.70898,
    "USDJPY":110.266011,
    "USDKES":108.189799,
    "USDKGS":84.798497,
    "USDKHR":4016.52249,
    "USDKMF":418.803851,
    "USDKPW":899.988394,
    "USDKRW":1124.31988,
    "USDKWD":0.30228,
    "USDKYD":0.827899,
    "USDKZT":424.809023,
    "USDLAK":9339.484098,
    "USDLBP":1502.084347,
    "USDLKR":198.193876,
    "USDLRD":173.000077,
    "USDLSL":14.659795,
    "USDLTL":2.95274,
    "USDLVL":0.60489,
    "USDLYD":4.510758,
    "USDMAD":8.997063,
    "USDMDL":17.949172,
    "USDMGA":3772.375616,
    "USDMKD":52.153341,
    "USDMMK":1400.774576,
    "USDMNT":2860.579885,
    "USDMOP":7.958017,
    "USDMRO":356.999828,
    "USDMUR":40.399594,
    "USDMVR":15.460079,
    "USDMWK":780.132383,
    "USDMXN":20.33665,
    "USDMYR":4.134504,
    "USDMZN":66.639975,
    "USDNAD":14.659818,
    "USDNGN":409.359557,
    "USDNIO":34.671836,
    "USDNOK":8.494905,
    "USDNPR":116.748489,
    "USDNZD":1.41705,
    "USDOMR":0.382887,
    "USDPAB":0.993465,
    "USDPEN":3.718999,
    "USDPGK":3.532952,
    "USDPHP":48.590503,
    "USDPKR":151.750605,
    "USDPLN":3.88715,
    "USDPYG":6384.91652,
    "USDQAR":3.64075,
    "USDRON":4.184904,
    "USDRSD":99.524301,
    "USDRUB":76.497503,
    "USDRWF":988.048281,
    "USDSAR":3.750774,
    "USDSBD":7.987348,
    "USDSCR":19.243989,
    "USDSDG":380.506258,
    "USDSEK":8.70949,
    "USDSGD":1.34104,
    "USDSHP":0.719431,
    "USDSLL":10212.501824,
    "USDSOS":585.999494,
    "USDSRD":14.153976,
    "USDSTD":20604.104248,
    "USDSVC":8.692892,
    "USDSYP":1257.66399,
    "USDSZL":14.636624,
    "USDTHB":31.363498,
    "USDTJS":11.327386,
    "USDTMT":3.51,
    "USDTND":2.795504,
    "USDTOP":2.291297,
    "USDTRY":8.119798,
    "USDTTD":6.742451,
    "USDTWD":28.483497,
    "USDTZS":2303.82929,
    "USDUAH":27.655195,
    "USDUGX":3639.010682,
    "USDUSD":1,
    "USDUYU":44.084238,
    "USDUZS":10417.048975,
    "USDVEF":198337538756.09308,
    "USDVND":23080,
    "USDVUV":109.552819,
    "USDWST":2.531913,
    "USDXAF":555.227607,
    "USDXAG":0.040113,
    "USDXAU":0.000577,
    "USDXCD":2.70255,
    "USDXDR":0.701021,
    "USDXOF":555.227607,
    "USDXPF":101.874971,
    "USDYER":250.350491,
    "USDZAR":14.58712,
    "USDZMK":9001.193572,
    "USDZMW":21.942908,
    "USDZWL":322.000331
  }
}